condition,router,analysis,config,type,parallel_wall
serial_without_router,0.0,13.697432966990164,18.845366975001525,3.81838290199812,0.0
parallel_without_router,0.0,12.420108881997294,19.577966484997887,3.591946900007315,19.578791514999462
serial_with_router,3.780049867986236,14.368278545996873,20.18976351399033,4.569287673002691,0.0
parallel_with_router,3.561130184010836,13.93930631398689,21.227402366988827,3.792577290005283,21.22881309200602
