path,stage,start,duration,end
Serial,analyze_data,0.0,13.697432966990164,13.697432966990164
Serial,extract_chart_config,13.697432966990164,18.845366975001525,32.54279994199169
Serial,justify_chart_type,32.54279994199169,3.81838290199812,36.36118284398981
Parallel,analyze_data,0.0,12.420108881997294,12.420108881997294
Parallel,extract_chart_config,12.420108881997294,19.577966484997887,31.99807536699518
Parallel,justify_chart_type,12.420108881997294,3.591946900007315,16.01205578200461
