path,stage,start,duration,end
Serial,router,0.0,3.780049867986236,3.780049867986236
Serial,analyze_data,3.780049867986236,14.368278545996873,18.14832841398311
Serial,extract_chart_config,18.14832841398311,20.18976351399033,38.33809192797344
Serial,justify_chart_type,38.33809192797344,4.569287673002691,42.90737960097613
Parallel,router,0.0,3.561130184010836,3.561130184010836
Parallel,analyze_data,3.561130184010836,13.93930631398689,17.500436497997725
Parallel,extract_chart_config,17.500436497997725,21.227402366988827,38.72783886498655
Parallel,justify_chart_type,17.500436497997725,3.792577290005283,21.29301378800301
